rating,max(rental_rate),min(rental_rate),avg(rental_rate)
PG,4.99,0.99,3.051856
PG-13,4.99,0.99,3.034843
NC-17,4.99,0.99,2.970952
R,4.99,0.99,2.938718
G,4.99,0.99,2.888876
