category_name,average_replacement_cost,average_rental_rate
Documentary,20.725238,2.616667
Horror,19.616478,3.101111
Family,20.006423,2.699854
Foreign,18.615363,2.953214
Comedy,19.018693,3.283305
Sports,20.558278,3.068032
Music,19.188795,3.062289
Animation,20.280738,2.760154
Action,21.179748,2.668058
New,19.727234,3.090000
Sci-Fi,21.187094,2.988183
Classics,20.956986,2.638562
Games,20.736130,3.130351
Children,20.057725,2.689471
Travel,19.156069,3.317360
Drama,21.633396,3.182453
